{
    "clear": {
        "LAC": {
            "avg_set_size": 2.6732056312024004,
            "coverage": 0.8914147242095546,
            "threshold": 0.9527541995048523
        },
        "APS": {
            "avg_set_size": 4.421647819063005,
            "coverage": 0.9799215324255712,
            "threshold": 0.9909088015556335
        }
    },
    "ambig": {
        "LAC": {
            "avg_set_size": 3.316062774059543,
            "coverage": 0.8971843987999076,
            "threshold": 0.9702251553535461
        },
        "APS": {
            "avg_set_size": 4.763097161320101,
            "coverage": 0.9696515116547427,
            "threshold": 0.9916375279426575
        }
    }
}